ID,URL,Price Selector,Discount Price Selector
456,https://saharkhizland.com/product/%D8%B2%D8%B9%D9%81%D8%B1%D8%A7%D9%86-%D8%B3%D8%B1%DA%AF%D9%84-1-%D9%85%D8%AB%D9%82%D8%A7%D9%84-%DA%A9%D8%A7%D9%88%D8%B1,#products > div.col-md-6.content-section.p-0.order-2.order-md-1 > div > div.second-sticky-section.description-right-sticky > div > div > div.price-section > div.price-wrapper > div > div.final-price > span,#products > div.col-md-6.content-section.p-0.order-2.order-md-1 > div > div.second-sticky-section.description-right-sticky > div > div > div.price-section > div.price-wrapper > div > div.main-price > del > span
15,https://saharkhizland.com/product/%D8%B2%D8%B9%D9%81%D8%B1%D8%A7%D9%86-%D8%B3%D8%B1%DA%AF%D9%84-05-%D9%85%D8%AB%D9%82%D8%A7%D9%84-%DA%A9%D8%A7%D9%88%D8%B1,#products > div.col-md-6.content-section.p-0.order-2.order-md-1 > div > div.second-sticky-section.description-right-sticky > div > div > div.price-section > div.price-wrapper > div > div.final-price > span,#products > div.col-md-6.content-section.p-0.order-2.order-md-1 > div > div.second-sticky-section.description-right-sticky > div > div > div.price-section > div.price-wrapper > div > div.main-price > del > span
153,https://saharkhizland.com/product/%D8%B2%D8%B9%D9%81%D8%B1%D8%A7%D9%86-%D8%B3%D8%B1%DA%AF%D9%84100%DA%AF%D8%B1%D9%85-%D8%AE%D8%A7%D8%AA%D9%85,#products > div.col-md-6.content-section.p-0.order-2.order-md-1 > div > div.second-sticky-section.description-right-sticky > div > div > div.price-section > div.price-wrapper > div > div.final-price > span,#products > div.col-md-6.content-section.p-0.order-2.order-md-1 > div > div.second-sticky-section.description-right-sticky > div > div > div.price-section > div.price-wrapper > div > div.main-price > del > span
206,https://saharkhizland.com/product/%D8%B2%D8%B9%D9%81%D8%B1%D8%A7%D9%86-%D9%86%DA%AF%DB%8C%D9%86-25-%DA%AF%D8%B1%D9%85-%D8%AE%D8%A7%D8%AA%D9%85,#products > div.col-md-6.content-section.p-0.order-2.order-md-1 > div > div.second-sticky-section.description-right-sticky > div > div > div.price-section > div.price-wrapper > div > div.final-price > span,#products > div.col-md-6.content-section.p-0.order-2.order-md-1 > div > div.second-sticky-section.description-right-sticky > div > div > div.price-section > div.price-wrapper > div > div.main-price > del > span
23,https://saharkhizland.com/product/%D8%B2%D8%B9%D9%81%D8%B1%D8%A7%D9%86-%D8%B3%D8%B1%DA%AF%D9%84-5-%D9%85%D8%AB%D9%82%D8%A7%D9%84-%DA%A9%D8%A7%D8%AF%D9%88%DB%8C%DB%8C,#products > div.col-md-6.content-section.p-0.order-2.order-md-1 > div > div.second-sticky-section.description-right-sticky > div > div > div.price-section > div.price-wrapper > div > div.final-price > span,#products > div.col-md-6.content-section.p-0.order-2.order-md-1 > div > div.second-sticky-section.description-right-sticky > div > div > div.price-section > div.price-wrapper > div > div.main-price > del > span
24,https://saharkhizland.com/product/%D8%B2%D8%B9%D9%81%D8%B1%D8%A7%D9%86-%D8%B3%D8%B1%DA%AF%D9%84-3-%D9%85%D8%AB%D9%82%D8%A7%D9%84-%DA%A9%D8%A7%D8%AF%D9%88%DB%8C%DB%8C,#products > div.col-md-6.content-section.p-0.order-2.order-md-1 > div > div.second-sticky-section.description-right-sticky > div > div > div.price-section > div.price-wrapper > div > div.final-price > span,#products > div.col-md-6.content-section.p-0.order-2.order-md-1 > div > div.second-sticky-section.description-right-sticky > div > div > div.price-section > div.price-wrapper > div > div.main-price > del > span
25,https://saharkhizland.com/product/%D8%B2%D8%B9%D9%81%D8%B1%D8%A7%D9%86-%D8%B3%D8%B1%DA%AF%D9%84-2-%D9%85%D8%AB%D9%82%D8%A7%D9%84-%DA%A9%D8%A7%D8%AF%D9%88%DB%8C%DB%8C,#products > div.col-md-6.content-section.p-0.order-2.order-md-1 > div > div.second-sticky-section.description-right-sticky > div > div > div.price-section > div.price-wrapper > div > div.final-price > span,#products > div.col-md-6.content-section.p-0.order-2.order-md-1 > div > div.second-sticky-section.description-right-sticky > div > div > div.price-section > div.price-wrapper > div > div.main-price > del > span
19,https://saharkhizland.com/product/%D8%B2%D8%B9%D9%81%D8%B1%D8%A7%D9%86-%D8%B3%D8%B1%DA%AF%D9%84-3-%DA%AF%D8%B1%D9%85,#products > div.col-md-6.content-section.p-0.order-2.order-md-1 > div > div.second-sticky-section.description-right-sticky > div > div > div.price-section > div.price-wrapper > div > div.final-price > span,#products > div.col-md-6.content-section.p-0.order-2.order-md-1 > div > div.second-sticky-section.description-right-sticky > div > div > div.price-section > div.price-wrapper > div > div.main-price > del > span
331,https://saharkhizland.com/product/%D8%B2%D8%B9%D9%81%D8%B1%D8%A7%D9%86-%D9%86%DA%AF%DB%8C%D9%86-2-%DA%AF%D8%B1%D9%85-%D8%A2%D8%B0%DB%8C%D9%86-%D8%AC%D8%B9%D8%A8%D9%87,#products > div.col-md-6.content-section.p-0.order-2.order-md-1 > div > div.second-sticky-section.description-right-sticky > div > div > div.price-section > div.price-wrapper > div > div.final-price > span,#products > div.col-md-6.content-section.p-0.order-2.order-md-1 > div > div.second-sticky-section.description-right-sticky > div > div > div.price-section > div.price-wrapper > div > div.main-price > del > span
332,https://saharkhizland.com/product/%D8%B2%D8%B9%D9%81%D8%B1%D8%A7%D9%86-%D9%86%DA%AF%DB%8C%D9%86-2-%DA%AF%D8%B1%D9%85-%D8%A2%D8%B0%DB%8C%D9%86,#products > div.col-md-6.content-section.p-0.order-2.order-md-1 > div > div.second-sticky-section.description-right-sticky > div > div > div.price-section > div.price-wrapper > div > div.final-price > span,#products > div.col-md-6.content-section.p-0.order-2.order-md-1 > div > div.second-sticky-section.description-right-sticky > div > div > div.price-section > div.price-wrapper > div > div.main-price > del > span
18,https://saharkhizland.com/product/%D8%B2%D8%B9%D9%81%D8%B1%D8%A7%D9%86-%D8%B3%D8%B1%DA%AF%D9%84-2-%DA%AF%D8%B1%D9%85,#products > div.col-md-6.content-section.p-0.order-2.order-md-1 > div > div.second-sticky-section.description-right-sticky > div > div > div.price-section > div.price-wrapper > div > div.final-price > span,#products > div.col-md-6.content-section.p-0.order-2.order-md-1 > div > div.second-sticky-section.description-right-sticky > div > div > div.price-section > div.price-wrapper > div > div.main-price > del > span
13,https://saharkhizland.com/product/%D8%B2%D8%B9%D9%81%D8%B1%D8%A7%D9%86-%D8%B3%D8%B1%DA%AF%D9%84-15-%DA%AF%D8%B1%D9%85-%D9%88%DB%8C%DA%98%D9%87,#products > div.col-md-6.content-section.p-0.order-2.order-md-1 > div > div.second-sticky-section.description-right-sticky > div > div > div.price-section > div.price-wrapper > div > div.final-price > span,#products > div.col-md-6.content-section.p-0.order-2.order-md-1 > div > div.second-sticky-section.description-right-sticky > div > div > div.price-section > div.price-wrapper > div > div.main-price > del > span
16,https://saharkhizland.com/product/%D8%B2%D8%B9%D9%81%D8%B1%D8%A7%D9%86-%D8%B3%D8%B1%DA%AF%D9%84-%D8%A7-%DA%AF%D8%B1%D9%85,#products > div.col-md-6.content-section.p-0.order-2.order-md-1 > div > div.second-sticky-section.description-right-sticky > div > div > div.price-section > div.price-wrapper > div > div.final-price > span,#products > div.col-md-6.content-section.p-0.order-2.order-md-1 > div > div.second-sticky-section.description-right-sticky > div > div > div.price-section > div.price-wrapper > div > div.main-price > del > span
209,https://saharkhizland.com/product/%D8%B2%D8%B9%D9%81%D8%B1%D8%A7%D9%86-%D9%86%DA%AF%DB%8C%D9%86-4-%DA%AF%D8%B1%D9%85-%D8%A2%D8%B0%DB%8C%D9%86-%D8%AC%D8%B9%D8%A8%D9%87,#products > div.col-md-6.content-section.p-0.order-2.order-md-1 > div > div.second-sticky-section.description-right-sticky > div > div > div.price-section > div.price-wrapper > div > div.final-price > span,#products > div.col-md-6.content-section.p-0.order-2.order-md-1 > div > div.second-sticky-section.description-right-sticky > div > div > div.price-section > div.price-wrapper > div > div.main-price > del > span
12,https://saharkhizland.com/product/%D8%B2%D8%B9%D9%81%D8%B1%D8%A7%D9%86-%D8%B3%D8%B1%DA%AF%D9%84-05%DA%AF%D8%B1%D9%85,#products > div.col-md-6.content-section.p-0.order-2.order-md-1 > div > div.second-sticky-section.description-right-sticky > div > div > div.price-section > div.price-wrapper > div > div.final-price > span,#products > div.col-md-6.content-section.p-0.order-2.order-md-1 > div > div.second-sticky-section.description-right-sticky > div > div > div.price-section > div.price-wrapper > div > div.main-price > del > span
14,https://saharkhizland.com/product/%D8%B2%D8%B9%D9%81%D8%B1%D8%A7%D9%86-%D8%B3%D8%B1%DA%AF%D9%84-5-%DA%AF%D8%B1%D9%85-%D8%AE%D8%A7%D8%AA%D9%85,#products > div.col-md-6.content-section.p-0.order-2.order-md-1 > div > div.second-sticky-section.description-right-sticky > div > div > div.price-section > div.price-wrapper > div > div.final-price > span,#products > div.col-md-6.content-section.p-0.order-2.order-md-1 > div > div.second-sticky-section.description-right-sticky > div > div > div.price-section > div.price-wrapper > div > div.main-price > del > span
17,https://saharkhizland.com/product/%D8%B2%D8%B9%D9%81%D8%B1%D8%A7%D9%86-%D8%B3%D8%B1%DA%AF%D9%84-1-%DA%AF%D8%B1%D9%85-%D8%AE%D8%A7%D8%AA%D9%85,#products > div.col-md-6.content-section.p-0.order-2.order-md-1 > div > div.second-sticky-section.description-right-sticky > div > div > div.price-section > div.price-wrapper > div > div.final-price > span,#products > div.col-md-6.content-section.p-0.order-2.order-md-1 > div > div.second-sticky-section.description-right-sticky > div > div > div.price-section > div.price-wrapper > div > div.main-price > del > span
26,https://saharkhizland.com/product/%D8%B2%D8%B9%D9%81%D8%B1%D8%A7%D9%86-%D8%B3%D8%B1%DA%AF%D9%84-1-%D9%85%D8%AB%D9%82%D8%A7%D9%84-%DA%A9%D8%A7%D8%AF%D9%88%DB%8C%DB%8C,#products > div.col-md-6.content-section.p-0.order-2.order-md-1 > div > div.second-sticky-section.description-right-sticky > div > div > div.price-section > div.price-wrapper > div > div.final-price > span,#products > div.col-md-6.content-section.p-0.order-2.order-md-1 > div > div.second-sticky-section.description-right-sticky > div > div > div.price-section > div.price-wrapper > div > div.main-price > del > span
41,https://saharkhizland.com/product/%D8%B2%D8%B9%D9%81%D8%B1%D8%A7%D9%86-4-%DA%AF%D8%B1%D9%85-%D8%AE%D8%A7%D8%AA%D9%85-%DA%A9%D8%A7%D8%AF%D9%88%DB%8C%DB%8C,#products > div.col-md-6.content-section.p-0.order-2.order-md-1 > div > div.second-sticky-section.description-right-sticky > div > div > div.price-section > div.price-wrapper > div > div.final-price > span,#products > div.col-md-6.content-section.p-0.order-2.order-md-1 > div > div.second-sticky-section.description-right-sticky > div > div > div.price-section > div.price-wrapper > div > div.main-price > del > span
585,https://saharkhizland.com/product/%D8%B9%D8%B3%D9%84-%D8%B2%D8%B9%D9%81%D8%B1%D8%A7%D9%86%DB%8C-450-%DA%AF%D8%B1%D9%85-%D9%BE%D8%AA,#products > div.col-md-6.content-section.p-0.order-2.order-md-1 > div > div.second-sticky-section.description-right-sticky > div > div > div.price-section > div.price-wrapper > div > div.final-price > span,#products > div.col-md-6.content-section.p-0.order-2.order-md-1 > div > div.second-sticky-section.description-right-sticky > div > div > div.price-section > div.price-wrapper > div > div.main-price > del > span
72,https://saharkhizland.com/product/%D8%B2%D8%B1%D8%B4%DA%A9-150-%DA%AF%D8%B1%D9%85,#products > div.col-md-6.content-section.p-0.order-2.order-md-1 > div > div.second-sticky-section.description-right-sticky > div > div > div.price-section > div.price-wrapper > div > div.final-price > span,#products > div.col-md-6.content-section.p-0.order-2.order-md-1 > div > div.second-sticky-section.description-right-sticky > div > div > div.price-section > div.price-wrapper > div > div.main-price > del > span
73,https://saharkhizland.com/product/%D8%B2%D8%B1%D8%B4%DA%A9-300-%DA%AF%D8%B1%D9%85,#products > div.col-md-6.content-section.p-0.order-2.order-md-1 > div > div.second-sticky-section.description-right-sticky > div > div > div.price-section > div.price-wrapper > div > div.final-price > span,#products > div.col-md-6.content-section.p-0.order-2.order-md-1 > div > div.second-sticky-section.description-right-sticky > div > div > div.price-section > div.price-wrapper > div > div.main-price > del > span
280,https://saharkhizland.com/product/%D8%B2%D8%B1%D8%B4%DA%A9-%D8%AA%D8%A7%D8%B2%D9%87-200-%DA%AF%D8%B1%D9%85,#products > div.col-md-6.content-section.p-0.order-2.order-md-1 > div > div.second-sticky-section.description-right-sticky > div > div > div.price-section > div.price-wrapper > div > div.final-price > span,#products > div.col-md-6.content-section.p-0.order-2.order-md-1 > div > div.second-sticky-section.description-right-sticky > div > div > div.price-section > div.price-wrapper > div > div.main-price > del > span
154,https://saharkhizland.com/product/%D9%86%D8%A8%D8%A7%D8%AA-%DA%86%D9%88%D8%A8%DB%8C-%D9%BE%D9%88%D8%B4%D8%A7%D9%84-%D8%AF%D8%A7%D8%B1-20-%D8%B9%D8%AF%D8%AF%DB%8C-%DA%A9%D8%B1%DB%8C%D8%B3%D8%AA%D8%A7%D9%84%DB%8C,#products > div.col-md-6.content-section.p-0.order-2.order-md-1 > div > div.second-sticky-section.description-right-sticky > div > div > div.price-section > div.price-wrapper > div > div.final-price > span,#products > div.col-md-6.content-section.p-0.order-2.order-md-1 > div > div.second-sticky-section.description-right-sticky > div > div > div.price-section > div.price-wrapper > div > div.main-price > del > span
294,https://saharkhizland.com/product/%D9%86%D8%A8%D8%A7%D8%AA-%D9%BE%D8%A7%D9%86%DB%8C%D8%B0-%D8%B2%D8%B9%D9%81%D8%B1%D8%A7%D9%86%DB%8C-100-%D8%B9%D8%AF%D8%AF%DB%8C,#products > div.col-md-6.content-section.p-0.order-2.order-md-1 > div > div.second-sticky-section.description-right-sticky > div > div > div.price-section > div.price-wrapper > div > div.final-price > span,#products > div.col-md-6.content-section.p-0.order-2.order-md-1 > div > div.second-sticky-section.description-right-sticky > div > div > div.price-section > div.price-wrapper > div > div.main-price > del > span
407,https://saharkhizland.com/product/%D9%86%D8%A8%D8%A7%D8%AA-%D8%B2%D8%B9%D9%81%D8%B1%D8%A7%D9%86%DB%8C-500-%DA%AF%D8%B1%D9%85-%D8%B4%D8%A7%D8%AE%D9%87,#products > div.col-md-6.content-section.p-0.order-2.order-md-1 > div > div.second-sticky-section.description-right-sticky > div > div > div.price-section > div.price-wrapper > div > div.final-price > span,#products > div.col-md-6.content-section.p-0.order-2.order-md-1 > div > div.second-sticky-section.description-right-sticky > div > div > div.price-section > div.price-wrapper > div > div.main-price > del > span
440,https://saharkhizland.com/product/%D9%86%D8%A8%D8%A7%D8%AA-%DA%86%D9%88%D8%A8%DB%8C-%D8%B3%D8%A7%D8%AF%D9%87-20%D8%B9%D8%AF%D8%AF%DB%8C-%DA%A9%D8%B1%DB%8C%D8%B3%D8%AA%D8%A7%D9%84%DB%8C,#products > div.col-md-6.content-section.p-0.order-2.order-md-1 > div > div.second-sticky-section.description-right-sticky > div > div > div.price-section > div.price-wrapper > div > div.final-price > span,#products > div.col-md-6.content-section.p-0.order-2.order-md-1 > div > div.second-sticky-section.description-right-sticky > div > div > div.price-section > div.price-wrapper > div > div.main-price > del > span
455,https://saharkhizland.com/product/%D9%86%D8%A8%D8%A7%D8%AA-%D9%BE%D8%A7%D9%86%DB%8C%D8%B0-20-%D8%B9%D8%AF%D8%AF%DB%8C,#products > div.col-md-6.content-section.p-0.order-2.order-md-1 > div > div.second-sticky-section.description-right-sticky > div > div > div.price-section > div.price-wrapper > div > div.final-price > span,#products > div.col-md-6.content-section.p-0.order-2.order-md-1 > div > div.second-sticky-section.description-right-sticky > div > div > div.price-section > div.price-wrapper > div > div.main-price > del > span
704,https://saharkhizland.com/product/%D9%86%D8%A8%D8%A7%D8%AA-%D9%86%DA%AF%DB%8C%D9%86-%D8%B2%D8%B9%D9%81%D8%B1%D8%A7%D9%86%DB%8C-700-%DA%AF%D8%B1%D9%85,#products > div.col-md-6.content-section.p-0.order-2.order-md-1 > div > div.second-sticky-section.description-right-sticky > div > div > div.price-section > div.price-wrapper > div > div.final-price > span,#products > div.col-md-6.content-section.p-0.order-2.order-md-1 > div > div.second-sticky-section.description-right-sticky > div > div > div.price-section > div.price-wrapper > div > div.main-price > del > span
88,https://saharkhizland.com/product/%D9%BE%D8%B3%D8%AA%D9%87-%D8%A7%DA%A9%D8%A8%D8%B1%DB%8C-%D8%B2%D8%B9%D9%81%D8%B1%D8%A7%D9%86%DB%8C-250-%DA%AF%D8%B1%D9%85,#products > div.col-md-6.content-section.p-0.order-2.order-md-1 > div > div.second-sticky-section.description-right-sticky > div > div > div.price-section > div.price-wrapper > div > div.final-price > span,#products > div.col-md-6.content-section.p-0.order-2.order-md-1 > div > div.second-sticky-section.description-right-sticky > div > div > div.price-section > div.price-wrapper > div > div.main-price > del > span
335,https://saharkhizland.com/product/%D9%86%D8%AE%D9%88%D8%AF%DA%86%DB%8C-%DA%A9%D8%B4%D9%85%D8%B4-350-%DA%AF%D8%B1%D9%85,#products > div.col-md-6.content-section.p-0.order-2.order-md-1 > div > div.second-sticky-section.description-right-sticky > div > div > div.price-section > div.price-wrapper > div > div.final-price > span,#products > div.col-md-6.content-section.p-0.order-2.order-md-1 > div > div.second-sticky-section.description-right-sticky > div > div > div.price-section > div.price-wrapper > div > div.main-price > del > span
111,https://saharkhizland.com/product/%D8%A2%D9%84%D9%88-%D8%A8%D8%AE%D8%A7%D8%B1%D8%A7-400-%DA%AF%D8%B1%D9%85,#products > div.col-md-6.content-section.p-0.order-2.order-md-1 > div > div.second-sticky-section.description-right-sticky > div > div > div.price-section > div.price-wrapper > div > div.final-price > span,#products > div.col-md-6.content-section.p-0.order-2.order-md-1 > div > div.second-sticky-section.description-right-sticky > div > div > div.price-section > div.price-wrapper > div > div.main-price > del > span
361,https://saharkhizland.com/product/%D8%A2%D9%84%D9%88-250-%DA%AF%D8%B1%D9%85,#products > div.col-md-6.content-section.p-0.order-2.order-md-1 > div > div.second-sticky-section.description-right-sticky > div > div > div.price-section > div.price-wrapper > div > div.final-price > span,#products > div.col-md-6.content-section.p-0.order-2.order-md-1 > div > div.second-sticky-section.description-right-sticky > div > div > div.price-section > div.price-wrapper > div > div.main-price > del > span
390,https://saharkhizland.com/product/%D9%BE%D9%88%D8%AF%D8%B1-%D9%84%DB%8C%D9%85%D9%88-100-%DA%AF%D8%B1%D9%85,#products > div.col-md-6.content-section.p-0.order-2.order-md-1 > div > div.second-sticky-section.description-right-sticky > div > div > div.price-section > div.price-wrapper > div > div.final-price > span,#products > div.col-md-6.content-section.p-0.order-2.order-md-1 > div > div.second-sticky-section.description-right-sticky > div > div > div.price-section > div.price-wrapper > div > div.main-price > del > span
391,https://saharkhizland.com/product/%D8%AE%D8%A7%DA%A9%D8%B4%DB%8C%D8%B1150%DA%AF%D8%B1%D9%85%DB%8C,#products > div.col-md-6.content-section.p-0.order-2.order-md-1 > div > div.second-sticky-section.description-right-sticky > div > div > div.price-section > div.price-wrapper > div > div.final-price > span,#products > div.col-md-6.content-section.p-0.order-2.order-md-1 > div > div.second-sticky-section.description-right-sticky > div > div > div.price-section > div.price-wrapper > div > div.main-price > del > span
392,https://saharkhizland.com/product/%D9%81%D9%84%D9%81%D9%84-%D8%B3%DB%8C%D8%A7%D9%87-100%DA%AF%D8%B1%D9%85,#products > div.col-md-6.content-section.p-0.order-2.order-md-1 > div > div.second-sticky-section.description-right-sticky > div > div > div.price-section > div.price-wrapper > div > div.final-price > span,#products > div.col-md-6.content-section.p-0.order-2.order-md-1 > div > div.second-sticky-section.description-right-sticky > div > div > div.price-section > div.price-wrapper > div > div.main-price > del > span
393,https://saharkhizland.com/product/%D8%B2%DB%8C%D8%B1%D9%87-%D8%B3%DB%8C%D8%A7%D9%87-100%DA%AF%D8%B1%D9%85,#products > div.col-md-6.content-section.p-0.order-2.order-md-1 > div > div.second-sticky-section.description-right-sticky > div > div > div.price-section > div.price-wrapper > div > div.final-price > span,#products > div.col-md-6.content-section.p-0.order-2.order-md-1 > div > div.second-sticky-section.description-right-sticky > div > div > div.price-section > div.price-wrapper > div > div.main-price > del > span
395,https://saharkhizland.com/product/%D8%A7%D8%AF%D9%88%DB%8C%D9%87-%D9%85%D8%B1%D8%BA-100%DA%AF%D8%B1%D9%85,#products > div.col-md-6.content-section.p-0.order-2.order-md-1 > div > div.second-sticky-section.description-right-sticky > div > div > div.price-section > div.price-wrapper > div > div.final-price > span,#products > div.col-md-6.content-section.p-0.order-2.order-md-1 > div > div.second-sticky-section.description-right-sticky > div > div > div.price-section > div.price-wrapper > div > div.main-price > del > span
396,https://saharkhizland.com/product/%D8%AF%D8%A7%D8%B1%DA%86%DB%8C%D9%86-100%DA%AF%D8%B1%D9%85,#products > div.col-md-6.content-section.p-0.order-2.order-md-1 > div > div.second-sticky-section.description-right-sticky > div > div > div.price-section > div.price-wrapper > div > div.final-price > span,#products > div.col-md-6.content-section.p-0.order-2.order-md-1 > div > div.second-sticky-section.description-right-sticky > div > div > div.price-section > div.price-wrapper > div > div.main-price > del > span
397,https://saharkhizland.com/product/%D8%A7%D8%AF%D9%88%DB%8C%D9%87-%DA%AF%D9%88%D8%B4%D8%AA100%DA%AF%D8%B1%D9%85,#products > div.col-md-6.content-section.p-0.order-2.order-md-1 > div > div.second-sticky-section.description-right-sticky > div > div > div.price-section > div.price-wrapper > div > div.final-price > span,#products > div.col-md-6.content-section.p-0.order-2.order-md-1 > div > div.second-sticky-section.description-right-sticky > div > div > div.price-section > div.price-wrapper > div > div.main-price > del > span
398,https://saharkhizland.com/product/%D9%81%D9%84%D9%81%D9%84-%D9%82%D8%B1%D9%85%D8%B2-100%DA%AF%D8%B1%D9%85,#products > div.col-md-6.content-section.p-0.order-2.order-md-1 > div > div.second-sticky-section.description-right-sticky > div > div > div.price-section > div.price-wrapper > div > div.final-price > span,#products > div.col-md-6.content-section.p-0.order-2.order-md-1 > div > div.second-sticky-section.description-right-sticky > div > div > div.price-section > div.price-wrapper > div > div.main-price > del > span
399,https://saharkhizland.com/product/%D8%B3%D9%85%D8%A7%D9%82-100-%DA%AF%D8%B1%D9%85,#products > div.col-md-6.content-section.p-0.order-2.order-md-1 > div > div.second-sticky-section.description-right-sticky > div > div > div.price-section > div.price-wrapper > div > div.final-price > span,#products > div.col-md-6.content-section.p-0.order-2.order-md-1 > div > div.second-sticky-section.description-right-sticky > div > div > div.price-section > div.price-wrapper > div > div.main-price > del > span
400,https://saharkhizland.com/product/%D8%B2%D8%B1%D8%AF%DA%86%D9%88%D8%A8%D9%87100%DA%AF%D8%B1%D9%85,#products > div.col-md-6.content-section.p-0.order-2.order-md-1 > div > div.second-sticky-section.description-right-sticky > div > div > div.price-section > div.price-wrapper > div > div.final-price > span,#products > div.col-md-6.content-section.p-0.order-2.order-md-1 > div > div.second-sticky-section.description-right-sticky > div > div > div.price-section > div.price-wrapper > div > div.main-price > del > span
401,https://saharkhizland.com/product/%D8%A7%D8%AF%D9%88%DB%8C%D9%87-%D9%BE%D9%84%D9%88%DB%8C%DB%8C-100%DA%AF%D8%B1%D9%85,#products > div.col-md-6.content-section.p-0.order-2.order-md-1 > div > div.second-sticky-section.description-right-sticky > div > div > div.price-section > div.price-wrapper > div > div.final-price > span,#products > div.col-md-6.content-section.p-0.order-2.order-md-1 > div > div.second-sticky-section.description-right-sticky > div > div > div.price-section > div.price-wrapper > div > div.main-price > del > span
402,https://saharkhizland.com/product/%D9%BE%D9%88%D8%AF%D8%B1-%D8%B3%DB%8C%D8%B1100%DA%AF%D8%B1%D9%85,#products > div.col-md-6.content-section.p-0.order-2.order-md-1 > div > div.second-sticky-section.description-right-sticky > div > div > div.price-section > div.price-wrapper > div > div.final-price > span,#products > div.col-md-6.content-section.p-0.order-2.order-md-1 > div > div.second-sticky-section.description-right-sticky > div > div > div.price-section > div.price-wrapper > div > div.main-price > del > span
403,https://saharkhizland.com/product/%D8%A7%D8%AF%D9%88%DB%8C%D9%87-%D8%AE%D9%88%D8%B1%D8%B4%D8%AA%DB%8C-100-%DA%AF%D8%B1%D9%85,#products > div.col-md-6.content-section.p-0.order-2.order-md-1 > div > div.second-sticky-section.description-right-sticky > div > div > div.price-section > div.price-wrapper > div > div.final-price > span,#products > div.col-md-6.content-section.p-0.order-2.order-md-1 > div > div.second-sticky-section.description-right-sticky > div > div > div.price-section > div.price-wrapper > div > div.main-price > del > span
404,https://saharkhizland.com/product/%D8%A7%D8%AF%D9%88%DB%8C%D9%87-%DA%A9%D8%A7%D8%B1%DB%8C100%DA%AF%D8%B1%D9%85,#products > div.col-md-6.content-section.p-0.order-2.order-md-1 > div > div.second-sticky-section.description-right-sticky > div > div > div.price-section > div.price-wrapper > div > div.final-price > span,#products > div.col-md-6.content-section.p-0.order-2.order-md-1 > div > div.second-sticky-section.description-right-sticky > div > div > div.price-section > div.price-wrapper > div > div.main-price > del > span
559,https://saharkhizland.com/product/%D9%84%DB%8C%D9%85%D9%88-%D9%81%D9%84%D9%81%D9%84%DB%8C-105-%DA%AF%D8%B1%D9%85,#products > div.col-md-6.content-section.p-0.order-2.order-md-1 > div > div.second-sticky-section.description-right-sticky > div > div > div.price-section > div.price-wrapper > div > div.final-price > span,#products > div.col-md-6.content-section.p-0.order-2.order-md-1 > div > div.second-sticky-section.description-right-sticky > div > div > div.price-section > div.price-wrapper > div > div.main-price > del > span
561,https://saharkhizland.com/product/%DA%86%D8%A7%D8%B4%D9%86%DB%8C-%D8%B3%D8%A7%D9%84%D8%A7%D8%AF-90-%DA%AF%D8%B1%D9%85,#products > div.col-md-6.content-section.p-0.order-2.order-md-1 > div > div.second-sticky-section.description-right-sticky > div > div > div.price-section > div.price-wrapper > div > div.final-price > span,#products > div.col-md-6.content-section.p-0.order-2.order-md-1 > div > div.second-sticky-section.description-right-sticky > div > div > div.price-section > div.price-wrapper > div > div.main-price > del > span
562,https://saharkhizland.com/product/%DA%86%D8%A7%D8%B4%D9%86%DB%8C-%D9%85%D8%A7%D8%B3%D8%AA-%D9%88-%D8%AE%DB%8C%D8%A7%D8%B1-55-%DA%AF%D8%B1%D9%85,#products > div.col-md-6.content-section.p-0.order-2.order-md-1 > div > div.second-sticky-section.description-right-sticky > div > div > div.price-section > div.price-wrapper > div > div.final-price > span,#products > div.col-md-6.content-section.p-0.order-2.order-md-1 > div > div.second-sticky-section.description-right-sticky > div > div > div.price-section > div.price-wrapper > div > div.main-price > del > span
566,https://saharkhizland.com/product/%D9%BE%D9%88%D8%AF%D8%B1-%D8%B2%D9%86%D8%AC%D8%A8%DB%8C%D9%84-60-%DA%AF%D8%B1%D9%85,#products > div.col-md-6.content-section.p-0.order-2.order-md-1 > div > div.second-sticky-section.description-right-sticky > div > div > div.price-section > div.price-wrapper > div > div.final-price > span,#products > div.col-md-6.content-section.p-0.order-2.order-md-1 > div > div.second-sticky-section.description-right-sticky > div > div > div.price-section > div.price-wrapper > div > div.main-price > del > span
567,https://saharkhizland.com/product/%DA%86%D8%A7%D8%B4%D9%86%DB%8C-%DA%A9%D8%A8%D8%A7%D8%A8-%DA%A9%D9%88%D8%A8%DB%8C%D8%AF%D9%87-110-%DA%AF%D8%B1%D9%85,#products > div.col-md-6.content-section.p-0.order-2.order-md-1 > div > div.second-sticky-section.description-right-sticky > div > div > div.price-section > div.price-wrapper > div > div.final-price > span,#products > div.col-md-6.content-section.p-0.order-2.order-md-1 > div > div.second-sticky-section.description-right-sticky > div > div > div.price-section > div.price-wrapper > div > div.main-price > del > span
651,https://saharkhizland.com/product/%D9%81%D9%84%D9%81%D9%84-%D8%B3%DB%8C%D8%A7%D9%87-500-%DA%AF%D8%B1%D9%85,#products > div.col-md-6.content-section.p-0.order-2.order-md-1 > div > div.second-sticky-section.description-right-sticky > div > div > div.price-section > div.price-wrapper > div > div.final-price > span,#products > div.col-md-6.content-section.p-0.order-2.order-md-1 > div > div.second-sticky-section.description-right-sticky > div > div > div.price-section > div.price-wrapper > div > div.main-price > del > span
650,https://saharkhizland.com/product/%D8%B2%D8%B1%D8%AF%DA%86%D9%88%D8%A8%D9%87-500-%DA%AF%D8%B1%D9%85-%D9%BE%D8%AA,#products > div.col-md-6.content-section.p-0.order-2.order-md-1 > div > div.second-sticky-section.description-right-sticky > div > div > div.price-section > div.price-wrapper > div > div.final-price > span,#products > div.col-md-6.content-section.p-0.order-2.order-md-1 > div > div.second-sticky-section.description-right-sticky > div > div > div.price-section > div.price-wrapper > div > div.main-price > del > span
652,https://saharkhizland.com/product/%D9%81%D9%84%D9%81%D9%84-%D9%82%D8%B1%D9%85%D8%B2500-%DA%AF%D8%B1%D9%85,#products > div.col-md-6.content-section.p-0.order-2.order-md-1 > div > div.second-sticky-section.description-right-sticky > div > div > div.price-section > div.price-wrapper > div > div.final-price > span,#products > div.col-md-6.content-section.p-0.order-2.order-md-1 > div > div.second-sticky-section.description-right-sticky > div > div > div.price-section > div.price-wrapper > div > div.main-price > del > span
457,https://saharkhizland.com/product/%D8%B4%DA%A9%D8%B1%D9%BE%D9%86%DB%8C%D8%B1-%D9%87%D9%84-%D8%AF%D8%A7%D8%B1,#products > div.col-md-6.content-section.p-0.order-2.order-md-1 > div > div.second-sticky-section.description-right-sticky > div > div > div.price-section > div.price-wrapper > div > div.final-price > span,#products > div.col-md-6.content-section.p-0.order-2.order-md-1 > div > div.second-sticky-section.description-right-sticky > div > div > div.price-section > div.price-wrapper > div > div.main-price > del > span
42,https://saharkhizland.com/product/%DA%86%D8%A7%DB%8C-%D8%B3%DB%8C%D8%A7%D9%87-%DA%A9%DB%8C%D8%B3%D9%87-%D8%A7%DB%8C-%D8%B2%D8%B9%D9%81%D8%B1%D8%A7%D9%86%DB%8C,#products > div.col-md-6.content-section.p-0.order-2.order-md-1 > div > div.second-sticky-section.description-right-sticky > div > div > div.price-section > div.price-wrapper > div > div.final-price > span,#products > div.col-md-6.content-section.p-0.order-2.order-md-1 > div > div.second-sticky-section.description-right-sticky > div > div > div.price-section > div.price-wrapper > div > div.main-price > del > span
114,https://saharkhizland.com/product/%DA%86%D8%A7%DB%8C-%D8%B3%D8%A8%D8%B2-%DA%A9%DB%8C%D8%B3%D9%87-%D8%A7%DB%8C-%D8%B2%D8%B9%D9%81%D8%B1%D8%A7%D9%86%DB%8C,#products > div.col-md-6.content-section.p-0.order-2.order-md-1 > div > div.second-sticky-section.description-right-sticky > div > div > div.price-section > div.price-wrapper > div > div.final-price > span,#products > div.col-md-6.content-section.p-0.order-2.order-md-1 > div > div.second-sticky-section.description-right-sticky > div > div > div.price-section > div.price-wrapper > div > div.main-price > del > span
119,https://saharkhizland.com/product/%DA%86%D8%A7%DB%8C-%D8%B3%D8%A8%D8%B2-%DA%A9%DB%8C%D8%B3%D9%87-%D8%A7%DB%8C-%D8%AC%D8%A7%D8%B3%D9%85%DB%8C%D9%86,#products > div.col-md-6.content-section.p-0.order-2.order-md-1 > div > div.second-sticky-section.description-right-sticky > div > div > div.price-section > div.price-wrapper > div > div.final-price > span,#products > div.col-md-6.content-section.p-0.order-2.order-md-1 > div > div.second-sticky-section.description-right-sticky > div > div > div.price-section > div.price-wrapper > div > div.main-price > del > span
195,https://saharkhizland.com/product/%D8%AF%D9%85%D9%86%D9%88%D8%B4-%D8%B2%D8%B9%D9%81%D8%B1%D8%A7%D9%86%DB%8C,#products > div.col-md-6.content-section.p-0.order-2.order-md-1 > div > div.second-sticky-section.description-right-sticky > div > div > div.price-section > div.price-wrapper > div > div.final-price > span,#products > div.col-md-6.content-section.p-0.order-2.order-md-1 > div > div.second-sticky-section.description-right-sticky > div > div > div.price-section > div.price-wrapper > div > div.main-price > del > span
212,https://saharkhizland.com/product/%D8%AF%D9%85%D9%86%D9%88%D8%B4-%DA%AF%D9%84-%DA%AF%D8%A7%D9%88-%D8%B2%D8%A8%D8%A7%D9%86,#products > div.col-md-6.content-section.p-0.order-2.order-md-1 > div > div.second-sticky-section.description-right-sticky > div > div > div.price-section > div.price-wrapper > div > div.final-price > span,#products > div.col-md-6.content-section.p-0.order-2.order-md-1 > div > div.second-sticky-section.description-right-sticky > div > div > div.price-section > div.price-wrapper > div > div.main-price > del > span
213,https://saharkhizland.com/product/%D8%AF%D9%85%D9%86%D9%88%D8%B4-%D8%A8%D8%A7%D8%A8%D9%88%D9%86%D9%87,#products > div.col-md-6.content-section.p-0.order-2.order-md-1 > div > div.second-sticky-section.description-right-sticky > div > div > div.price-section > div.price-wrapper > div > div.final-price > span,#products > div.col-md-6.content-section.p-0.order-2.order-md-1 > div > div.second-sticky-section.description-right-sticky > div > div > div.price-section > div.price-wrapper > div > div.main-price > del > span
214,https://saharkhizland.com/product/%D8%AF%D9%85%D9%86%D9%88%D8%B4-%DA%86%D8%A7%DB%8C-%D8%AA%D8%B1%D8%B4,#products > div.col-md-6.content-section.p-0.order-2.order-md-1 > div > div.second-sticky-section.description-right-sticky > div > div > div.price-section > div.price-wrapper > div > div.final-price > span,#products > div.col-md-6.content-section.p-0.order-2.order-md-1 > div > div.second-sticky-section.description-right-sticky > div > div > div.price-section > div.price-wrapper > div > div.main-price > del > span
305,https://saharkhizland.com/product/%D8%AF%D9%85%D9%86%D9%88%D8%B4-%D8%A8%D9%87%D8%A7%D8%B1-%D9%86%D8%A7%D8%B1%D9%86%D8%AC,#products > div.col-md-6.content-section.p-0.order-2.order-md-1 > div > div.second-sticky-section.description-right-sticky > div > div > div.price-section > div.price-wrapper > div > div.final-price > span,#products > div.col-md-6.content-section.p-0.order-2.order-md-1 > div > div.second-sticky-section.description-right-sticky > div > div > div.price-section > div.price-wrapper > div > div.main-price > del > span
306,https://saharkhizland.com/product/%D8%AF%D9%85%D9%86%D9%88%D8%B4-%D8%AC%D9%86%D8%B3%DB%8C%D9%86%DA%AF,#products > div.col-md-6.content-section.p-0.order-2.order-md-1 > div > div.second-sticky-section.description-right-sticky > div > div > div.price-section > div.price-wrapper > div > div.final-price > span,#products > div.col-md-6.content-section.p-0.order-2.order-md-1 > div > div.second-sticky-section.description-right-sticky > div > div > div.price-section > div.price-wrapper > div > div.main-price > del > span
314,https://saharkhizland.com/product/%D8%AF%D9%85%D9%86%D9%88%D8%B4-%D9%85%D9%86%D8%AA%D8%AE%D8%A8,#products > div.col-md-6.content-section.p-0.order-2.order-md-1 > div > div.second-sticky-section.description-right-sticky > div > div > div.price-section > div.price-wrapper > div > div.final-price > span,#products > div.col-md-6.content-section.p-0.order-2.order-md-1 > div > div.second-sticky-section.description-right-sticky > div > div > div.price-section > div.price-wrapper > div > div.main-price > del > span
316,https://saharkhizland.com/product/%D8%AF%D9%85%D9%86%D9%88%D8%B4-%DA%86%D8%A7%DB%8C-%D8%B3%D8%A8%D8%B2,#products > div.col-md-6.content-section.p-0.order-2.order-md-1 > div > div.second-sticky-section.description-right-sticky > div > div > div.price-section > div.price-wrapper > div > div.final-price > span,#products > div.col-md-6.content-section.p-0.order-2.order-md-1 > div > div.second-sticky-section.description-right-sticky > div > div > div.price-section > div.price-wrapper > div > div.main-price > del > span
344,https://saharkhizland.com/product/%DA%86%D8%A7%DB%8C-%D8%B3%DB%8C%D8%A7%D9%87-%DA%A9%DB%8C%D8%B3%D9%87-%D8%A7%DB%8C-%D8%A7%D8%B1%D9%84-%DA%AF%D8%B1%DB%8C,#products > div.col-md-6.content-section.p-0.order-2.order-md-1 > div > div.second-sticky-section.description-right-sticky > div > div > div.price-section > div.price-wrapper > div > div.final-price > span,#products > div.col-md-6.content-section.p-0.order-2.order-md-1 > div > div.second-sticky-section.description-right-sticky > div > div > div.price-section > div.price-wrapper > div > div.main-price > del > span
345,https://saharkhizland.com/product/%DA%86%D8%A7%DB%8C-%D8%B3%DB%8C%D8%A7%D9%87-%DA%A9%DB%8C%D8%B3%D9%87-%D8%A7%DB%8C-%D8%A8%D8%A7-%D8%B7%D8%B9%D9%85-%D9%87%D9%84,#products > div.col-md-6.content-section.p-0.order-2.order-md-1 > div > div.second-sticky-section.description-right-sticky > div > div > div.price-section > div.price-wrapper > div > div.final-price > span,#products > div.col-md-6.content-section.p-0.order-2.order-md-1 > div > div.second-sticky-section.description-right-sticky > div > div > div.price-section > div.price-wrapper > div > div.main-price > del > span
346,https://saharkhizland.com/product/%DA%86%D8%A7%DB%8C-%D8%B3%DB%8C%D8%A7%D9%87-%DA%A9%DB%8C%D8%B3%D9%87-%D8%A7%DB%8C-%DA%A9%D9%84%D8%A7%D8%B3%DB%8C%DA%A9,#products > div.col-md-6.content-section.p-0.order-2.order-md-1 > div > div.second-sticky-section.description-right-sticky > div > div > div.price-section > div.price-wrapper > div > div.final-price > span,#products > div.col-md-6.content-section.p-0.order-2.order-md-1 > div > div.second-sticky-section.description-right-sticky > div > div > div.price-section > div.price-wrapper > div > div.main-price > del > span
347,https://saharkhizland.com/product/%DA%86%D8%A7%DB%8C-%D8%B3%D8%A8%D8%B2-%DA%A9%DB%8C%D8%B3%D9%87-%D8%A7%DB%8C-%D8%A8%D8%A7-%D8%B7%D8%B9%D9%85-%D8%AF%D8%A7%D8%B1%DA%86%DB%8C%D9%86,#products > div.col-md-6.content-section.p-0.order-2.order-md-1 > div > div.second-sticky-section.description-right-sticky > div > div > div.price-section > div.price-wrapper > div > div.final-price > span,#products > div.col-md-6.content-section.p-0.order-2.order-md-1 > div > div.second-sticky-section.description-right-sticky > div > div > div.price-section > div.price-wrapper > div > div.main-price > del > span
348,https://saharkhizland.com/product/%DA%86%D8%A7%DB%8C-%D8%B3%DB%8C%D8%A7%D9%87-%DA%A9%DB%8C%D8%B3%D9%87-%D8%A7%DB%8C-%D8%A8%D8%A7-%D8%B7%D8%B9%D9%85-%D8%AF%D8%A7%D8%B1%DA%86%DB%8C%D9%86,#products > div.col-md-6.content-section.p-0.order-2.order-md-1 > div > div.second-sticky-section.description-right-sticky > div > div > div.price-section > div.price-wrapper > div > div.final-price > span,#products > div.col-md-6.content-section.p-0.order-2.order-md-1 > div > div.second-sticky-section.description-right-sticky > div > div > div.price-section > div.price-wrapper > div > div.main-price > del > span
516,https://saharkhizland.com/product/%DA%86%D8%A7%DB%8C-%D8%B3%D8%A8%D8%B2-%DA%A9%DB%8C%D8%B3%D9%87-%D8%A7%DB%8C-%D9%85%D9%86%D8%AA%D8%AE%D8%A8,#products > div.col-md-6.content-section.p-0.order-2.order-md-1 > div > div.second-sticky-section.description-right-sticky > div > div > div.price-section > div.price-wrapper > div > div.final-price > span,#products > div.col-md-6.content-section.p-0.order-2.order-md-1 > div > div.second-sticky-section.description-right-sticky > div > div > div.price-section > div.price-wrapper > div > div.main-price > del > span
517,https://saharkhizland.com/product/%DA%86%D8%A7%DB%8C-%D8%B3%DB%8C%D8%A7%D9%87-%DA%A9%DB%8C%D8%B3%D9%87-%D8%A7%DB%8C-%D9%85%D9%86%D8%AA%D8%AE%D8%A8,#products > div.col-md-6.content-section.p-0.order-2.order-md-1 > div > div.second-sticky-section.description-right-sticky > div > div > div.price-section > div.price-wrapper > div > div.final-price > span,#products > div.col-md-6.content-section.p-0.order-2.order-md-1 > div > div.second-sticky-section.description-right-sticky > div > div > div.price-section > div.price-wrapper > div > div.main-price > del > span
641,https://saharkhizland.com/product/%D8%AF%D9%85%D9%86%D9%88%D8%B4-%D8%B3%D9%84%D8%A7%D9%85%D8%AA%DB%8C-%D8%AF%D8%A7%D8%B1%DA%86%DB%8C%D9%86-%D9%88-%D8%B2%D8%B1%D8%B4%DA%A9,#products > div.col-md-6.content-section.p-0.order-2.order-md-1 > div > div.second-sticky-section.description-right-sticky > div > div > div.price-section > div.price-wrapper > div > div.final-price > span,#products > div.col-md-6.content-section.p-0.order-2.order-md-1 > div > div.second-sticky-section.description-right-sticky > div > div > div.price-section > div.price-wrapper > div > div.main-price > del > span
643,https://saharkhizland.com/product/%D8%AF%D9%85%D9%86%D9%88%D8%B4-%D8%B3%D9%84%D8%A7%D9%85%D8%AA%DB%8C-%D8%B1%D8%A7%D8%B2%DB%8C%D8%A7%D9%86%D9%87-%D9%88-%D8%A8%D8%A7%D8%A8%D9%88%D9%86%D9%87,#products > div.col-md-6.content-section.p-0.order-2.order-md-1 > div > div.second-sticky-section.description-right-sticky > div > div > div.price-section > div.price-wrapper > div > div.final-price > span,#products > div.col-md-6.content-section.p-0.order-2.order-md-1 > div > div.second-sticky-section.description-right-sticky > div > div > div.price-section > div.price-wrapper > div > div.main-price > del > span
645,https://saharkhizland.com/product/%D8%AF%D9%85%D9%86%D9%88%D8%B4-%D8%B3%D9%84%D8%A7%D9%85%D8%AA%DB%8C-%D8%B2%D8%B9%D9%81%D8%B1%D8%A7%D9%86-%D9%88-%D9%85%D8%B1%DB%8C%D9%85-%DA%AF%D9%84%DB%8C,#products > div.col-md-6.content-section.p-0.order-2.order-md-1 > div > div.second-sticky-section.description-right-sticky > div > div > div.price-section > div.price-wrapper > div > div.final-price > span,#products > div.col-md-6.content-section.p-0.order-2.order-md-1 > div > div.second-sticky-section.description-right-sticky > div > div > div.price-section > div.price-wrapper > div > div.main-price > del > span
647,https://saharkhizland.com/product/%D8%AF%D9%85%D9%86%D9%88%D8%B4-%D8%B3%D9%84%D8%A7%D9%85%D8%AA%DB%8C-%D8%B2%D8%B9%D9%81%D8%B1%D8%A7%D9%86-%D9%88-%D8%A7%D8%B3%D8%B7%D9%88%D8%AE%D9%88%D8%AF%D9%88%D8%B3,#products > div.col-md-6.content-section.p-0.order-2.order-md-1 > div > div.second-sticky-section.description-right-sticky > div > div > div.price-section > div.price-wrapper > div > div.final-price > span,#products > div.col-md-6.content-section.p-0.order-2.order-md-1 > div > div.second-sticky-section.description-right-sticky > div > div > div.price-section > div.price-wrapper > div > div.main-price > del > span
708,https://saharkhizland.com/product/%D8%AF%D9%85%D9%86%D9%88%D8%B4-%D9%85%D8%AE%D9%84%D9%88%D8%B7-%D8%AC%D9%86%D8%B3%DB%8C%D9%86%DA%AF-%D9%88-%D8%B2%D8%B9%D9%81%D8%B1%D8%A7%D9%86,#products > div.col-md-6.content-section.p-0.order-2.order-md-1 > div > div.second-sticky-section.description-right-sticky > div > div > div.price-section > div.price-wrapper > div > div.final-price > span,#products > div.col-md-6.content-section.p-0.order-2.order-md-1 > div > div.second-sticky-section.description-right-sticky > div > div > div.price-section > div.price-wrapper > div > div.main-price > del > span
709,https://saharkhizland.com/product/%D8%AF%D9%85%D9%86%D9%88%D8%B4-%D9%85%D8%AE%D9%84%D9%88%D8%B7-%D8%B3%DB%8C%D8%A8-%D9%88-%D8%AF%D8%A7%D8%B1%DA%86%DB%8C%D9%86,#products > div.col-md-6.content-section.p-0.order-2.order-md-1 > div > div.second-sticky-section.description-right-sticky > div > div > div.price-section > div.price-wrapper > div > div.final-price > span,#products > div.col-md-6.content-section.p-0.order-2.order-md-1 > div > div.second-sticky-section.description-right-sticky > div > div > div.price-section > div.price-wrapper > div > div.main-price > del > span
710,https://saharkhizland.com/product/%D8%AF%D9%85%D9%86%D9%88%D8%B4-%D9%85%D8%AE%D9%84%D9%88%D8%B7-%D8%AA%D9%88%D8%AA-%D9%87%D8%A7-%D9%88-%DA%86%D8%A7%DB%8C-%D8%AA%D8%B1%D8%B4,#products > div.col-md-6.content-section.p-0.order-2.order-md-1 > div > div.second-sticky-section.description-right-sticky > div > div > div.price-section > div.price-wrapper > div > div.final-price > span,#products > div.col-md-6.content-section.p-0.order-2.order-md-1 > div > div.second-sticky-section.description-right-sticky > div > div > div.price-section > div.price-wrapper > div > div.main-price > del > span
711,https://saharkhizland.com/product/%D8%AF%D9%85%D9%86%D9%88%D8%B4-%D9%85%D8%AE%D9%84%D9%88%D8%B7-%D9%85%DB%8C%D9%88%D9%87-%D9%87%D8%A7%DB%8C-%D8%A7%D8%B3%D8%AA%D9%88%D8%A7%DB%8C%DB%8C,#products > div.col-md-6.content-section.p-0.order-2.order-md-1 > div > div.second-sticky-section.description-right-sticky > div > div > div.price-section > div.price-wrapper > div > div.final-price > span,#products > div.col-md-6.content-section.p-0.order-2.order-md-1 > div > div.second-sticky-section.description-right-sticky > div > div > div.price-section > div.price-wrapper > div > div.main-price > del > span
525,https://saharkhizland.com/product/%D8%B4%D8%B1%D8%A8%D8%AA-%D8%B2%D8%B9%D9%81%D8%B1%D8%A7%D9%86%DB%8C-900-%DA%AF%D8%B1%D9%85,#products > div.col-md-6.content-section.p-0.order-2.order-md-1 > div > div.second-sticky-section.description-right-sticky > div > div > div.price-section > div.price-wrapper > div > div.final-price > span,#products > div.col-md-6.content-section.p-0.order-2.order-md-1 > div > div.second-sticky-section.description-right-sticky > div > div > div.price-section > div.price-wrapper > div > div.main-price > del > span
689,https://saharkhizland.com/product/%D8%B4%D8%B1%D8%A8%D8%AA-%D8%A8%D9%87%D8%A7%D8%B1-%D9%86%D8%A7%D8%B1%D9%86%D8%AC-900-%DA%AF%D8%B1%D9%85,#products > div.col-md-6.content-section.p-0.order-2.order-md-1 > div > div.second-sticky-section.description-right-sticky > div > div > div.price-section > div.price-wrapper > div > div.final-price > span,#products > div.col-md-6.content-section.p-0.order-2.order-md-1 > div > div.second-sticky-section.description-right-sticky > div > div > div.price-section > div.price-wrapper > div > div.main-price > del > span
691,https://saharkhizland.com/product/%D8%B9%D8%B1%D9%82-%D8%A8%DB%8C%D8%AF%D9%85%D8%B4%DA%A9-700-%DA%AF%D8%B1%D9%85,#products > div.col-md-6.content-section.p-0.order-2.order-md-1 > div > div.second-sticky-section.description-right-sticky > div > div > div.price-section > div.price-wrapper > div > div.final-price > span,#products > div.col-md-6.content-section.p-0.order-2.order-md-1 > div > div.second-sticky-section.description-right-sticky > div > div > div.price-section > div.price-wrapper > div > div.main-price > del > span
693,https://saharkhizland.com/product/%D8%B9%D8%B1%D9%82-%D9%87%D9%84-700-%DA%AF%D8%B1%D9%85-%D9%BE%D8%AA,#products > div.col-md-6.content-section.p-0.order-2.order-md-1 > div > div.second-sticky-section.description-right-sticky > div > div > div.price-section > div.price-wrapper > div > div.final-price > span,#products > div.col-md-6.content-section.p-0.order-2.order-md-1 > div > div.second-sticky-section.description-right-sticky > div > div > div.price-section > div.price-wrapper > div > div.main-price > del > span
696,https://saharkhizland.com/product/%D8%B9%D8%B1%D9%82-%DA%A9%D8%A7%D8%B3%D9%86%DB%8C-700-%DA%AF%D8%B1%D9%85,#products > div.col-md-6.content-section.p-0.order-2.order-md-1 > div > div.second-sticky-section.description-right-sticky > div > div > div.price-section > div.price-wrapper > div > div.final-price > span,#products > div.col-md-6.content-section.p-0.order-2.order-md-1 > div > div.second-sticky-section.description-right-sticky > div > div > div.price-section > div.price-wrapper > div > div.main-price > del > span
700,https://saharkhizland.com/product/%D8%B9%D8%B1%D9%82-%D9%86%D8%B9%D9%86%D8%A7%D8%B9-700-%DA%AF%D8%B1%D9%85,#products > div.col-md-6.content-section.p-0.order-2.order-md-1 > div > div.second-sticky-section.description-right-sticky > div > div > div.price-section > div.price-wrapper > div > div.final-price > span,#products > div.col-md-6.content-section.p-0.order-2.order-md-1 > div > div.second-sticky-section.description-right-sticky > div > div > div.price-section > div.price-wrapper > div > div.main-price > del > span
701,https://saharkhizland.com/product/%DA%AF%D9%84%D8%A7%D8%A8-%D8%A7%D8%B9%D9%84%D8%A7%D8%A1-700-%DA%AF%D8%B1%D9%85-%D9%BE%D8%AA,#products > div.col-md-6.content-section.p-0.order-2.order-md-1 > div > div.second-sticky-section.description-right-sticky > div > div > div.price-section > div.price-wrapper > div > div.final-price > span,#products > div.col-md-6.content-section.p-0.order-2.order-md-1 > div > div.second-sticky-section.description-right-sticky > div > div > div.price-section > div.price-wrapper > div > div.main-price > del > span
702,https://saharkhizland.com/product/%D8%B9%D8%B1%D9%82-%D8%A8%D9%87%D8%A7%D8%B1-%D9%86%D8%A7%D8%B1%D9%86%D8%AC-700-%DA%AF%D8%B1%D9%85,#products > div.col-md-6.content-section.p-0.order-2.order-md-1 > div > div.second-sticky-section.description-right-sticky > div > div > div.price-section > div.price-wrapper > div > div.final-price > span,#products > div.col-md-6.content-section.p-0.order-2.order-md-1 > div > div.second-sticky-section.description-right-sticky > div > div > div.price-section > div.price-wrapper > div > div.main-price > del > span
108,https://saharkhizland.com/product/%D8%AC%D8%B9%D8%A8%D9%87-%D9%BE%D8%B0%DB%8C%D8%B1%D8%A7%DB%8C%DB%8C-%D8%AF%D9%85%D9%86%D9%88%D8%B4,#products > div.col-md-6.content-section.p-0.order-2.order-md-1 > div > div.second-sticky-section.description-right-sticky > div > div > div.price-section > div.price-wrapper > div > div.final-price > span,#products > div.col-md-6.content-section.p-0.order-2.order-md-1 > div > div.second-sticky-section.description-right-sticky > div > div > div.price-section > div.price-wrapper > div > div.main-price > del > span
113,https://saharkhizland.com/product/%D8%B2%D8%B9%D9%81%D8%B1%D8%A7%D9%86-%D8%B3%D8%B1%DA%AF%D9%84-1-%DA%AF%D8%B1%D9%85-%D8%AE%D8%A7%D8%AA%D9%85-%DA%A9%D8%A7%D8%AF%D9%88%DB%8C%DB%8C,#products > div.col-md-6.content-section.p-0.order-2.order-md-1 > div > div.second-sticky-section.description-right-sticky > div > div > div.price-section > div.price-wrapper > div > div.final-price > span,#products > div.col-md-6.content-section.p-0.order-2.order-md-1 > div > div.second-sticky-section.description-right-sticky > div > div > div.price-section > div.price-wrapper > div > div.main-price > del > span
115,https://saharkhizland.com/product/%D8%AC%D8%B9%D8%A8%D9%87-%D9%BE%D8%B0%DB%8C%D8%B1%D8%A7%DB%8C%DB%8C-%D8%AA%DB%8C%D8%A8%DA%AF-%D8%B7%D8%B9%D9%85%D8%AF%D8%A7%D8%B1,#products > div.col-md-6.content-section.p-0.order-2.order-md-1 > div > div.second-sticky-section.description-right-sticky > div > div > div.price-section > div.price-wrapper > div > div.final-price > span,#products > div.col-md-6.content-section.p-0.order-2.order-md-1 > div > div.second-sticky-section.description-right-sticky > div > div > div.price-section > div.price-wrapper > div > div.main-price > del > span
222,https://saharkhizland.com/product/%DA%AF%D9%86%D8%AC%DB%8C%D9%86%D9%87-%D8%B3%D8%B1%D8%AE-%D9%81%D8%A7%D9%85,#products > div.col-md-6.content-section.p-0.order-2.order-md-1 > div > div.second-sticky-section.description-right-sticky > div > div > div.price-section > div.price-wrapper > div > div.final-price > span,#products > div.col-md-6.content-section.p-0.order-2.order-md-1 > div > div.second-sticky-section.description-right-sticky > div > div > div.price-section > div.price-wrapper > div > div.main-price > del > span
223,https://saharkhizland.com/product/%D8%B2%D8%B9%D9%81%D8%B1%D8%A7%D9%86-%D8%B3%D8%B1%DA%AF%D9%84-8-%DA%AF%D8%B1%D9%85-%D8%A7%D8%B7%D9%84%D8%B3,#products > div.col-md-6.content-section.p-0.order-2.order-md-1 > div > div.second-sticky-section.description-right-sticky > div > div > div.price-section > div.price-wrapper > div > div.final-price > span,#products > div.col-md-6.content-section.p-0.order-2.order-md-1 > div > div.second-sticky-section.description-right-sticky > div > div > div.price-section > div.price-wrapper > div > div.main-price > del > span
268,https://saharkhizland.com/product/%DB%8C%D8%A7%D8%AF%DA%AF%D8%A7%D8%B1-%D9%81%D8%B1%D8%AF%D9%88%D8%B3%DB%8C,#products > div.col-md-6.content-section.p-0.order-2.order-md-1 > div > div.second-sticky-section.description-right-sticky > div > div > div.price-section > div.price-wrapper > div > div.final-price > span,#products > div.col-md-6.content-section.p-0.order-2.order-md-1 > div > div.second-sticky-section.description-right-sticky > div > div > div.price-section > div.price-wrapper > div > div.main-price > del > span
318,https://saharkhizland.com/product/%D8%B2%D8%B9%D9%81%D8%B1%D8%A7%D9%86-%D8%B3%D8%B1%DA%AF%D9%84-100-%DA%AF%D8%B1%D9%85-%D8%AE%D8%A7%D8%AA%D9%85-%D8%AC%D8%B9%D8%A8%D9%87,#products > div.col-md-6.content-section.p-0.order-2.order-md-1 > div > div.second-sticky-section.description-right-sticky > div > div > div.price-section > div.price-wrapper > div > div.final-price > span,#products > div.col-md-6.content-section.p-0.order-2.order-md-1 > div > div.second-sticky-section.description-right-sticky > div > div > div.price-section > div.price-wrapper > div > div.main-price > del > span
324,https://saharkhizland.com/product/%D8%B2%D8%B9%D9%81%D8%B1%D8%A7%D9%86-%D8%B3%D8%B1%DA%AF%D9%84-5-%DA%AF%D8%B1%D9%85-%D9%88%DB%8C%DA%98%D9%87,#products > div.col-md-6.content-section.p-0.order-2.order-md-1 > div > div.second-sticky-section.description-right-sticky > div > div > div.price-section > div.price-wrapper > div > div.final-price > span,#products > div.col-md-6.content-section.p-0.order-2.order-md-1 > div > div.second-sticky-section.description-right-sticky > div > div > div.price-section > div.price-wrapper > div > div.main-price > del > span
478,https://saharkhizland.com/product/%D8%B2%D8%B9%D9%81%D8%B1%D8%A7%D9%86-%D8%B3%D8%B1%DA%AF%D9%84-16-%DA%AF%D8%B1%D9%85-%D8%A7%D8%B7%D9%84%D8%B3,#products > div.col-md-6.content-section.p-0.order-2.order-md-1 > div > div.second-sticky-section.description-right-sticky > div > div > div.price-section > div.price-wrapper > div > div.final-price > span,#products > div.col-md-6.content-section.p-0.order-2.order-md-1 > div > div.second-sticky-section.description-right-sticky > div > div > div.price-section > div.price-wrapper > div > div.main-price > del > span
